{"cameraMode":{"drawMode":0,"name":"Shaded","section":"Shading Mode"},"sceneLighting":false,"audioPlay":false,"sceneViewState":{"m_AlwaysRefresh":false,"showFog":true,"showSkybox":false,"showFlares":true,"showImageEffects":true,"showParticleSystems":true,"showVisualEffectGraphs":true,"m_FxEnabled":true},"in2DMode":false,"pivot":{"x":0.15576574206352235,"y":-0.09051685035228729,"z":0.40478503704071047},"rotation":{"x":-0.003339544404298067,"y":0.9932278394699097,"z":-0.1125151664018631,"w":-0.03012896329164505},"size":1.4886980056762696,"orthographic":false}